CREATE DATABASE  IF NOT EXISTS `behaviour` /*!40100 DEFAULT CHARACTER SET utf8 */;
USE `behaviour`;
-- MySQL dump 10.13  Distrib 5.7.12, for Win64 (x86_64)
--
-- Host: localhost    Database: behaviour
-- ------------------------------------------------------
-- Server version	5.7.17-log

/*!40101 SET @OLD_CHARACTER_SET_CLIENT=@@CHARACTER_SET_CLIENT */;
/*!40101 SET @OLD_CHARACTER_SET_RESULTS=@@CHARACTER_SET_RESULTS */;
/*!40101 SET @OLD_COLLATION_CONNECTION=@@COLLATION_CONNECTION */;
/*!40101 SET NAMES utf8 */;
/*!40103 SET @OLD_TIME_ZONE=@@TIME_ZONE */;
/*!40103 SET TIME_ZONE='+00:00' */;
/*!40014 SET @OLD_UNIQUE_CHECKS=@@UNIQUE_CHECKS, UNIQUE_CHECKS=0 */;
/*!40014 SET @OLD_FOREIGN_KEY_CHECKS=@@FOREIGN_KEY_CHECKS, FOREIGN_KEY_CHECKS=0 */;
/*!40101 SET @OLD_SQL_MODE=@@SQL_MODE, SQL_MODE='NO_AUTO_VALUE_ON_ZERO' */;
/*!40111 SET @OLD_SQL_NOTES=@@SQL_NOTES, SQL_NOTES=0 */;

--
-- Table structure for table `action_log`
--

DROP TABLE IF EXISTS `action_log`;
/*!40101 SET @saved_cs_client     = @@character_set_client */;
/*!40101 SET character_set_client = utf8 */;
CREATE TABLE `action_log` (
  `action_id` int(11) NOT NULL AUTO_INCREMENT,
  `change_made` varchar(100) DEFAULT NULL,
  `change_date` datetime NOT NULL,
  `patient_patient_id` int(11) NOT NULL,
  PRIMARY KEY (`action_id`),
  UNIQUE KEY `action_id_UNIQUE` (`action_id`),
  KEY `fk_action_log_patient1_idx` (`patient_patient_id`),
  CONSTRAINT `fk_action_log_patient1` FOREIGN KEY (`patient_patient_id`) REFERENCES `patient` (`patient_id`) ON DELETE NO ACTION ON UPDATE NO ACTION
) ENGINE=InnoDB AUTO_INCREMENT=117 DEFAULT CHARSET=utf8;
/*!40101 SET character_set_client = @saved_cs_client */;

--
-- Dumping data for table `action_log`
--

LOCK TABLES `action_log` WRITE;
/*!40000 ALTER TABLE `action_log` DISABLE KEYS */;
INSERT INTO `action_log` VALUES (1,'Praesent','2017-04-03 05:42:17',1),(2,'dignissim lacus. Aliquam rutrum lorem','2016-11-17 21:39:20',2),(3,'eu tellus. Phasellus elit pede,','2018-06-03 18:19:36',3),(4,'ante, iaculis nec, eleifend non,','2018-10-25 05:52:02',4),(5,'felis, adipiscing fringilla, porttitor vulputate,','2017-05-24 15:37:35',5),(6,'erat. Vivamus nisi. Mauris nulla.','2017-01-22 10:08:07',6),(7,'metus. Aliquam erat volutpat. Nulla','2017-05-12 10:36:35',7),(8,'sit amet risus. Donec egestas.','2018-07-29 00:36:42',8),(9,'pede blandit congue. In scelerisque','2018-03-10 11:08:13',9),(10,'facilisis non, bibendum sed, est.','2018-03-18 01:19:33',10),(11,'Phasellus ornare.','2017-09-20 07:36:58',11),(12,'lacus. Cras interdum. Nunc sollicitudin','2017-08-26 03:43:17',12),(13,'arcu. Curabitur ut odio vel','2018-07-14 19:38:01',13),(14,'Nunc sed orci lobortis augue','2017-11-02 08:03:36',14),(15,'a odio semper cursus. Integer','2018-05-09 00:41:53',15),(16,'Aliquam ultrices iaculis odio. Nam','2018-09-07 00:54:13',16),(17,'pede, nonummy ut, molestie in,','2018-09-28 13:17:50',17),(18,'tincidunt nibh. Phasellus nulla. Integer','2016-12-15 11:49:43',18),(19,'eu, eleifend nec, malesuada ut,','2018-03-24 17:07:36',19),(20,'molestie arcu. Sed eu nibh','2017-07-29 12:42:31',20),(21,'urna. Nunc','2018-06-06 13:15:32',21),(22,'eu, euismod ac, fermentum vel,','2018-08-04 20:34:46',22),(23,'mauris id sapien. Cras dolor','2016-12-29 03:29:12',23),(24,'in faucibus orci luctus et','2017-11-10 20:30:59',24),(25,'venenatis a, magna. Lorem ipsum','2018-07-17 13:51:41',25),(26,'vitae, posuere at, velit. Cras','2017-05-30 00:56:58',26),(27,'dapibus gravida. Aliquam tincidunt, nunc','2017-05-23 09:01:57',27),(28,'Aenean gravida nunc sed pede.','2018-08-22 09:05:28',28),(29,'In tincidunt congue turpis. In','2018-06-05 19:18:08',29),(30,'Donec est mauris, rhoncus id,','2017-12-11 12:26:30',30),(31,'ac','2017-03-03 21:33:20',31),(32,'elit, pretium et, rutrum non,','2017-03-13 13:13:38',32),(33,'risus. Duis a mi fringilla','2018-03-28 07:29:06',33),(34,'Suspendisse sed dolor. Fusce mi','2017-12-18 20:00:44',34),(35,'ligula. Aenean euismod mauris eu','2017-01-07 16:39:57',35),(36,'convallis ligula. Donec luctus aliquet','2018-07-18 07:02:07',36),(37,'Duis sit amet diam eu','2018-06-12 09:19:36',37),(38,'consectetuer adipiscing elit. Curabitur sed','2018-03-26 23:44:47',38),(39,'Curabitur ut odio vel est','2018-07-22 02:04:38',39),(40,'tristique ac, eleifend vitae, erat.','2018-10-08 00:30:52',40),(41,'ultrices','2017-01-11 10:09:32',41),(42,'iaculis aliquet diam. Sed diam','2017-10-11 18:18:20',42),(43,'Quisque imperdiet, erat nonummy ultricies','2017-10-29 11:26:56',43),(44,'varius et, euismod et, commodo','2016-11-23 11:15:27',44),(45,'lacus vestibulum lorem, sit amet','2017-08-24 04:33:22',45),(46,'Proin nisl sem, consequat nec,','2017-05-08 23:34:35',46),(47,'cursus et, magna. Praesent interdum','2018-06-15 00:21:43',47),(48,'pellentesque a, facilisis non, bibendum','2018-02-21 08:19:20',48),(49,'Etiam laoreet, libero et tristique','2018-05-13 04:02:12',49),(50,'Sed id risus quis diam','2018-04-23 06:14:07',50),(51,' elit elit','2016-12-29 00:24:32',51),(52,'sem ut dolor dapibus gravida.','2017-10-15 02:32:56',52),(53,'Mauris magna. Duis dignissim tempor','2017-09-28 19:32:33',53),(54,'natoque penatibus et magnis dis','2018-05-27 14:19:05',54),(55,'blandit at, nisi. Cum sociis','2018-10-14 15:18:32',55),(56,'nec, imperdiet nec, leo. Morbi','2018-07-15 14:59:32',56),(57,'mattis. Cras eget nisi dictum','2017-12-22 12:14:08',57),(58,'gravida nunc sed pede. Cum','2017-12-03 05:59:17',58),(59,'montes, nascetur ridiculus mus. Aenean','2018-04-04 20:42:08',59),(60,'eleifend. Cras sed leo. Cras','2017-10-06 14:57:16',60),(61,'neque. ','2017-03-28 01:46:55',61),(62,'risus odio, auctor vitae, aliquet','2017-02-19 03:56:28',62),(63,'urna, nec luctus felis purus','2016-12-06 11:14:00',63),(64,'ac mi eleifend egestas. Sed','2017-01-13 01:13:54',64),(65,'turpis. In condimentum. Donec at','2017-01-15 07:32:24',65),(66,'pretium aliquet, metus urna convallis','2018-07-23 11:21:32',66),(67,'eu, odio. Phasellus at augue','2017-09-23 10:37:57',67),(68,'elit erat vitae risus. Duis','2017-04-04 13:42:16',68),(69,'mauris id sapien. Cras dolor','2017-10-13 13:20:32',69),(70,'mi enim, condimentum eget, volutpat','2017-11-18 10:40:00',70),(71,'ac ','2017-10-30 03:53:27',71),(72,'Phasellus dapibus quam quis diam.','2017-03-12 00:26:54',72),(73,'elit pede, malesuada vel, venenatis','2017-01-19 05:43:55',73),(74,'orci lobortis augue scelerisque mollis.','2018-09-06 19:52:40',74),(75,'lobortis mauris. Suspendisse aliquet molestie','2017-08-24 23:34:12',75),(76,'orci, adipiscing non, luctus sit','2017-10-25 14:36:14',76),(77,'metus. In nec orci. Donec','2017-06-16 18:58:48',77),(78,'non, dapibus rutrum, justo. Praesent','2018-07-09 12:04:02',78),(79,'Phasellus dolor elit, pellentesque a,','2018-05-07 22:52:47',79),(80,'Vestibulum accumsan neque et nunc.','2018-05-17 20:33:40',80),(81,'ultrices','2017-11-22 11:21:46',81),(82,'egestas. Aliquam fringilla cursus purus.','2017-04-27 20:59:10',82),(83,'et netus et malesuada fames','2018-04-14 02:04:59',83),(84,'tincidunt pede ac urna. Ut','2017-11-27 15:26:05',84),(85,'Aenean eget magna. Suspendisse tristique','2017-11-06 19:51:07',85),(86,'cursus et, magna. Praesent interdum','2017-09-25 11:05:37',86),(87,'placerat eget, venenatis a, magna.','2018-02-09 08:43:31',87),(88,'libero. Morbi accumsan laoreet ipsum.','2017-02-18 00:44:30',88),(89,'Aenean massa. Integer vitae nibh.','2017-09-16 02:11:38',89),(90,'vitae, erat. Vivamus nisi. Mauris','2017-05-20 12:43:37',90),(91,'Duis risus','2017-07-12 02:45:59',91),(92,'dui. Suspendisse ac metus vitae','2017-11-23 00:58:29',92),(93,'nec tempus mauris erat eget','2017-12-18 16:13:03',93),(94,'auctor quis, tristique ac, eleifend','2018-01-21 10:05:57',94),(95,'at, egestas a, scelerisque sed,','2017-04-19 17:45:34',95),(96,'auctor non, feugiat nec, diam.','2017-04-28 20:19:37',96),(97,'interdum ligula eu enim. Etiam','2018-08-21 08:40:28',97),(98,'accumsan convallis, ante lectus convallis','2016-11-22 19:42:49',98),(99,'quam a felis ullamcorper viverra.','2018-08-09 06:35:57',99),(100,'sed orci lobortis augue scelerisque','2018-04-27 21:35:47',100),(101,'Scheduled activity','2018-01-02 13:34:44',1),(102,'Scheduled activity','2018-01-02 13:35:20',1),(103,'Scheduled activity','2018-01-08 11:19:22',1),(104,'Scheduled activity','2018-05-06 11:40:34',1),(105,'Scheduled activity','2018-05-06 11:41:03',1),(106,'Scheduled activity','2018-05-06 20:33:53',1),(107,'Scheduled activity','2018-05-06 20:35:50',1),(108,'Scheduled activity','2018-05-09 15:29:06',105),(109,'Scheduled activity','2018-05-09 15:48:35',105),(110,'Scheduled activity','2018-05-09 16:43:09',105),(111,'Scheduled activity','2018-05-09 16:43:31',105),(112,'Scheduled activity','2018-05-09 16:44:11',105),(115,'Scheduled activity','2018-05-16 18:31:14',128),(116,'Scheduled activity','2018-05-18 04:41:36',139);
/*!40000 ALTER TABLE `action_log` ENABLE KEYS */;
UNLOCK TABLES;

--
-- Table structure for table `activity`
--

DROP TABLE IF EXISTS `activity`;
/*!40101 SET @saved_cs_client     = @@character_set_client */;
/*!40101 SET character_set_client = utf8 */;
CREATE TABLE `activity` (
  `activity_id` int(11) NOT NULL AUTO_INCREMENT,
  `name` varchar(45) NOT NULL,
  `description` varchar(140) DEFAULT NULL,
  `location` varchar(30) NOT NULL,
  PRIMARY KEY (`activity_id`),
  UNIQUE KEY `activity_id_UNIQUE` (`activity_id`)
) ENGINE=InnoDB AUTO_INCREMENT=119 DEFAULT CHARSET=utf8;
/*!40101 SET character_set_client = @saved_cs_client */;

--
-- Dumping data for table `activity`
--

LOCK TABLES `activity` WRITE;
/*!40000 ALTER TABLE `activity` DISABLE KEYS */;
INSERT INTO `activity` VALUES (1,'Sed','adipiscing elit. Curabitur','Quisque'),(2,'Quisque','lacus.','augue'),(3,'vestibulum','vulputate, nisi sem semper','ridiculus'),(4,'nascetur','parturient montes, nascetur','Aenean'),(5,'fermentum','mi lacinia','enim'),(6,'mauris','eu, ligula. Aenean euismod','est,'),(7,'taciti','et, rutrum','non'),(8,'nec,','condimentum eget, volutpat ornare,','neque'),(9,'cursus','tellus sem','ipsum'),(10,'Aenean','lorem semper auctor.','velit.'),(11,'lectus','lacus, varius et, euismod','viverra.'),(12,'nisi.','nulla','iaculis'),(13,'mollis','et malesuada fames ac','aliquam'),(14,'Nullam','volutpat nunc sit','elementum'),(15,'ac','est','eu'),(16,'morbi','Phasellus','parturient'),(17,'lectus.','est ac mattis','urna'),(18,'Nulla','augue. Sed molestie. Sed','sodales'),(19,'Aliquam','nibh enim, gravida','sagittis.'),(20,'porttitor','augue ut','magna.'),(21,'Sed','lorem ac risus. Morbi','Etiam'),(22,'Nullam','nunc nulla vulputate','vulputate'),(23,'in','vulputate,','vitae'),(24,'Curabitur','eu','Maecenas'),(25,'massa','dignissim. Maecenas ornare','ullamcorper.'),(26,'massa.','tempus','eu'),(27,'semper','gravida.','Quisque'),(28,'Curae;','sem elit,','placerat.'),(29,'parturient','Nulla semper tellus','eu,'),(30,'pede','vitae diam. Proin','enim'),(31,'eleifend,','dolor, nonummy ac, feugiat','Maecenas'),(32,'ligula.','mauris','ornare'),(33,'velit.','cursus. Integer','eget'),(34,'nonummy','ipsum.','vulputate'),(35,'elit,','sed','nec'),(36,'ullamcorper','aliquam eu, accumsan sed,','Duis'),(37,'In','Cras lorem lorem,','eget'),(38,'aliquet,','natoque penatibus et magnis','accumsan'),(39,'nisi','libero mauris, aliquam','dui'),(40,'ultrices.','a odio semper','mauris'),(41,'\"','\"&*(&(*897  ','...213.213..213.'),(42,'sociosqu','et, magna. Praesent','fringilla'),(43,'faucibus','id nunc interdum','ornare,'),(44,'eleifend.','neque. Nullam nisl. Maecenas','Cum'),(45,'semper','eros. Proin ultrices. Duis','Cras'),(46,'non','Nunc pulvinar','lobortis'),(47,'felis','Cum sociis','eu'),(48,'molestie.','fringilla purus mauris a','lobortis'),(49,'tincidunt','Donec vitae','ornare,'),(50,'eu','ornare tortor','Aliquam'),(51,'mi','Phasellus','Aliquam'),(52,'vel,','amet orci. Ut sagittis','ultrices.'),(53,'velit','ac, eleifend vitae, erat.','ridiculus'),(54,'condimentum.','orci, adipiscing non,','dis'),(55,'dolor','eu,','id'),(56,'mi','posuere cubilia Curae;','enim,'),(57,'sollicitudin','vitae sodales nisi magna','tincidunt,'),(58,'at','a tortor. Nunc commodo','iaculis'),(59,'pede.','mi. Aliquam gravida','id,'),(60,'lorem','leo elementum sem, vitae','nisl.'),(61,'per','nulla','non'),(62,'faucibus','tempus','ridiculus'),(63,'at','non, egestas a,','lorem'),(64,'id,','tortor. Integer aliquam adipiscing','sit'),(65,'est,','risus','quis'),(66,'Morbi','tincidunt','mollis'),(67,'eros','tempus, lorem fringilla','magna,'),(68,'mus.','adipiscing fringilla,','Donec'),(69,'aliquam','ac mattis ornare,','diam'),(70,'Mauris','Mauris blandit','iaculis'),(71,'dapibus','at pede. Cras','urna.'),(72,'metus','Praesent eu nulla','magna.'),(73,'diam','Nam ac nulla.','condimentum'),(74,'nec,','vel, venenatis vel,','orci'),(75,'hymenaeos.','Class aptent taciti','ullamcorper,'),(76,'ante.','cursus','cursus'),(77,'at','arcu vel quam','lorem'),(78,'consectetuer','senectus','nulla'),(79,'in','ultrices sit amet, risus.','conubia'),(80,'commodo','lorem, auctor quis,','erat.'),(81,'non','ornare sagittis felis. Donec','Donec'),(82,'velit','dis parturient montes,','vestibulum.'),(83,'tellus.','non, bibendum','erat,'),(84,'penatibus','sed turpis nec','ornare'),(85,'vitae,','aliquet magna a','ipsum'),(86,'vel','Vivamus','mollis'),(87,'ultrices','morbi tristique senectus et','nunc.'),(88,'blandit','urna, nec','luctus'),(89,'mi','nulla.','nec,'),(90,'interdum','volutpat. Nulla dignissim.','ut,'),(91,'nec','et libero.','dolor'),(92,'a,','dignissim tempor arcu.','tempor'),(93,'malesuada','non lorem','Mauris'),(94,'metus','mattis','velit'),(95,'Went for coffee','sit','ornare'),(96,'Swimming','lacus. Ut nec urna','sapien'),(97,'Called family members','Sed malesuada augue','lectus'),(98,'Bike ride','massa. Vestibulum','porttitor'),(99,'Relaxed','eu dui. Cum','augue'),(100,'Run','Go for a run around Bute Park','morbi'),(101,'Go for a run','        ','Bute Park'),(102,'Go for a run','        ','D'),(103,'Go for a run','        ','Bute Park'),(104,'Testing','<script>alert(\"JS script injection!\");</script>\r\n\r\n','Home'),(105,'Testing','<script>alert(\"JS script injection!\");</script>\r\n\r\n','Home'),(106,'Running','With Dave        ','Barry'),(107,'Badminton','wiyh Da        ','Barry'),(108,'Jog','with Matt        ','Penarth'),(109,'Running','<script>alert(\"JS script injection!\");</script>        ','Cardiff'),(110,'<script>alert(document.cookie)</script>','<script>alert(document.cookie)</script>','Cardiff'),(111,'Park Run','Light jog with friends        ','Cardiff'),(112,'Park Run','Light jog with friends        ','Cardiff'),(113,'Park Run','Light jog with friends        ','Cardiff'),(115,'Run on the Beach','I went to the beach        ','Penarth'),(116,'sdfsdf','        sdfsdfsdf','sdfsdf'),(117,'3454345','        435453\r\n','43534534453'),(118,'Run','Park Run','Cardiff');
/*!40000 ALTER TABLE `activity` ENABLE KEYS */;
UNLOCK TABLES;

--
-- Table structure for table `db_versions`
--

DROP TABLE IF EXISTS `db_versions`;
/*!40101 SET @saved_cs_client     = @@character_set_client */;
/*!40101 SET character_set_client = utf8 */;
CREATE TABLE `db_versions` (
  `db_version` varchar(5) NOT NULL,
  `description` text,
  `is_being_used` tinyint(1) DEFAULT NULL,
  PRIMARY KEY (`db_version`)
) ENGINE=InnoDB DEFAULT CHARSET=utf8;
/*!40101 SET character_set_client = @saved_cs_client */;

--
-- Dumping data for table `db_versions`
--

LOCK TABLES `db_versions` WRITE;
/*!40000 ALTER TABLE `db_versions` DISABLE KEYS */;
INSERT INTO `db_versions` VALUES ('0.2','table names were keywords.',1);
/*!40000 ALTER TABLE `db_versions` ENABLE KEYS */;
UNLOCK TABLES;

--
-- Table structure for table `feeling_log`
--

DROP TABLE IF EXISTS `feeling_log`;
/*!40101 SET @saved_cs_client     = @@character_set_client */;
/*!40101 SET character_set_client = utf8 */;
CREATE TABLE `feeling_log` (
  `feeling_id` int(11) NOT NULL AUTO_INCREMENT,
  `feeling_in_num_format` int(11) NOT NULL,
  `date_inputted` datetime NOT NULL,
  `comment` varchar(140) DEFAULT NULL,
  `patient_patient_id` int(11) NOT NULL,
  `activity_activity_id` int(11) NOT NULL,
  PRIMARY KEY (`feeling_id`),
  UNIQUE KEY `id_UNIQUE` (`feeling_id`),
  KEY `fk_mood_patient1_idx` (`patient_patient_id`),
  KEY `fk_mood_activity1_idx` (`activity_activity_id`),
  CONSTRAINT `fk_mood_activity1` FOREIGN KEY (`activity_activity_id`) REFERENCES `activity` (`activity_id`) ON DELETE NO ACTION ON UPDATE NO ACTION,
  CONSTRAINT `fk_mood_patient1` FOREIGN KEY (`patient_patient_id`) REFERENCES `patient` (`patient_id`) ON DELETE NO ACTION ON UPDATE NO ACTION
) ENGINE=InnoDB AUTO_INCREMENT=112 DEFAULT CHARSET=utf8;
/*!40101 SET character_set_client = @saved_cs_client */;

--
-- Dumping data for table `feeling_log`
--

LOCK TABLES `feeling_log` WRITE;
/*!40000 ALTER TABLE `feeling_log` DISABLE KEYS */;
INSERT INTO `feeling_log` VALUES (1,7,'2018-03-23 17:20:58','mi',1,1),(2,7,'2017-08-26 10:48:49','vel sapien',2,2),(3,8,'2018-01-02 04:05:27','pellentesque. Sed dictum. Proin',3,3),(4,3,'2018-10-15 06:04:22','amet,',4,4),(5,5,'2017-04-04 04:42:30','tempor erat',5,5),(6,4,'2017-11-13 08:03:41','sem eget massa.',6,6),(7,4,'2017-02-12 14:43:54','Etiam',7,7),(8,2,'2017-08-04 23:39:15','consequat auctor,',8,8),(9,7,'2017-02-06 14:17:04','quam.',9,9),(10,3,'2016-11-24 02:18:36','rhoncus. Proin nisl sem,',10,10),(11,10,'2017-06-28 01:31:38','a',11,11),(12,3,'2017-01-28 17:40:32','eu dui. Cum sociis',12,12),(13,2,'2017-10-14 11:23:06','Etiam vestibulum massa',13,13),(14,9,'2017-12-03 18:16:17','sit amet, faucibus',14,14),(15,5,'2017-08-11 22:06:35','Aliquam nisl.',15,15),(16,6,'2018-07-03 10:31:30','dis',16,16),(17,9,'2017-02-15 17:32:40','arcu eu odio',17,17),(18,10,'2018-09-27 11:28:17','fames ac turpis',18,18),(19,1,'2016-12-29 09:32:16','diam nunc, ullamcorper',19,19),(20,6,'2018-07-31 07:40:14','et, rutrum eu,',20,20),(21,2,'2018-05-27 22:55:43','non massa non ante',21,21),(22,3,'2018-01-23 18:24:08','sed leo. Cras vehicula',22,22),(23,5,'2017-08-16 18:25:50','a feugiat',23,23),(24,7,'2018-09-14 16:27:52','Quisque libero lacus,',24,24),(25,6,'2017-05-16 23:05:50','purus mauris',25,25),(26,9,'2017-10-23 06:40:24','placerat. Cras',26,26),(27,9,'2017-01-31 11:11:23','a, scelerisque',27,27),(28,8,'2018-05-07 16:06:57','eleifend egestas. Sed',28,28),(29,7,'2017-12-14 05:56:24','Nunc ac sem ut',29,29),(30,9,'2017-12-20 10:42:43','sapien,',30,30),(31,5,'2017-10-06 12:44:00','metus urna convallis',31,31),(32,2,'2017-04-05 07:00:40','commodo auctor',32,32),(33,10,'2017-02-25 06:10:11','varius ultrices, mauris ipsum',33,33),(34,7,'2018-10-11 04:39:45','sed, hendrerit',34,34),(35,1,'2017-08-10 20:12:54','commodo tincidunt',35,35),(36,9,'2017-08-20 19:20:31','Nam ac nulla. In',36,36),(37,10,'2017-07-23 11:04:07','Aenean egestas hendrerit neque.',37,37),(38,9,'2017-06-08 03:41:22','et ultrices posuere cubilia',38,38),(39,4,'2017-01-08 19:16:18','aliquet, metus urna convallis',39,39),(40,7,'2018-11-13 16:42:57','lorem vitae odio',40,40),(41,9,'2018-02-28 07:57:31','purus. Maecenas libero',41,41),(42,9,'2018-08-10 01:13:28','sagittis. Duis',42,42),(43,10,'2017-08-04 16:28:33','non, feugiat nec,',43,43),(44,6,'2017-04-02 21:32:43','Proin vel',44,44),(45,5,'2017-10-22 02:30:55','est',45,45),(46,7,'2017-06-09 08:47:30','malesuada id,',46,46),(47,7,'2018-02-27 01:52:23','Duis',47,47),(48,7,'2018-02-23 15:20:14','torquent per conubia',48,48),(49,3,'2018-11-11 03:41:46','quam. Pellentesque habitant',49,49),(50,4,'2016-12-10 20:49:47','Ut sagittis',50,50),(51,4,'2018-07-19 20:55:31','elit pede, malesuada vel,',51,51),(52,10,'2018-08-31 10:36:39','magna. Suspendisse',52,52),(53,10,'2017-11-02 03:39:18','aliquet nec, imperdiet',53,53),(54,10,'2018-03-01 11:59:19','posuere',54,54),(55,8,'2016-12-19 07:56:13','interdum. Sed auctor',55,55),(56,10,'2018-08-20 11:59:13','fermentum metus.',56,56),(57,1,'2018-01-04 01:59:17','Sed',57,57),(58,5,'2017-06-14 01:42:49','magna. Nam',58,58),(59,10,'2017-01-09 10:33:11','quis diam',59,59),(60,2,'2017-09-25 22:32:42','erat. Sed nunc',60,60),(61,7,'2017-10-28 16:16:00','gravida',61,61),(62,6,'2018-05-22 09:52:51','magna.',62,62),(63,1,'2017-09-02 13:17:21','purus ac tellus.',63,63),(64,10,'2017-11-28 05:54:22','augue scelerisque',64,64),(65,6,'2018-10-04 09:28:38','scelerisque',65,65),(66,1,'2017-06-08 18:16:59','Quisque porttitor',66,66),(67,10,'2017-08-13 22:22:59','vel arcu.',67,67),(68,2,'2018-03-03 05:48:07','Nam interdum enim non',68,68),(69,8,'2018-01-10 17:29:11','Cras sed',69,69),(70,9,'2018-07-23 01:56:54','non, lobortis',70,70),(71,8,'2018-01-16 18:07:11','Phasellus',71,71),(72,6,'2017-11-10 23:04:38','venenatis lacus.',72,72),(73,4,'2016-12-01 15:05:34','Cras eget nisi',73,73),(74,1,'2017-08-09 06:47:00','ornare sagittis felis. Donec',74,74),(75,3,'2017-08-14 18:14:12','quam vel sapien',75,75),(76,3,'2017-06-23 11:37:43','fringilla purus mauris',76,76),(77,6,'2018-01-09 09:31:29','Curabitur massa. Vestibulum accumsan',77,77),(78,7,'2018-10-04 19:29:14','lacinia',78,78),(79,7,'2018-07-19 09:20:16','dui. Cras pellentesque.',79,79),(80,2,'2018-01-14 23:17:02','accumsan laoreet',80,80),(81,2,'2018-03-06 03:51:12','quis, pede. Suspendisse dui.',81,81),(82,5,'2018-02-13 09:41:52','rhoncus.',82,82),(83,2,'2017-07-21 13:49:23','turpis. Nulla',83,83),(84,4,'2018-03-02 01:16:00','sollicitudin',84,84),(85,8,'2017-09-01 00:55:41','volutpat. Nulla facilisis.',85,85),(86,4,'2018-11-04 20:34:09','neque sed sem egestas',86,86),(87,10,'2017-12-30 06:06:42','arcu. Vivamus sit',87,87),(88,10,'2018-08-02 10:58:08','Duis gravida.',88,88),(89,8,'2017-06-27 13:20:44','malesuada ut,',89,89),(90,10,'2017-06-26 00:54:36','ligula tortor, dictum eu,',90,90),(91,4,'2018-06-21 07:58:44','tempus scelerisque,',91,91),(92,5,'2017-10-05 18:06:48','augue ac ipsum.',92,92),(93,5,'2018-01-30 11:46:24','ipsum primis in',93,93),(94,5,'2016-12-20 18:23:43','nunc nulla vulputate dui,',94,94),(95,3,'2017-06-15 03:22:17','diam vel',95,95),(96,2,'2017-08-28 16:10:06','a',96,96),(97,6,'2017-04-06 17:05:49','quis diam.',97,97),(98,1,'2018-04-04 04:10:23','dolor. Fusce mi lorem,',98,98),(99,6,'2017-09-23 21:24:47','ipsum. Phasellus vitae mauris',99,99),(100,5,'2017-05-16 08:06:08','neque et',100,100),(101,60,'2018-01-14 12:12:12','            ',1,2),(102,15,'2017-12-14 12:12:12','Pet Gerbil died',1,2),(103,100,'2018-01-08 10:12:12','I won the lottery',100,2),(104,42,'2018-01-04 12:12:12','Tidied my room',100,2),(105,26,'2018-01-08 10:12:12','Run',21,2),(106,70,'2018-01-10 10:12:12','Run',21,2),(107,45,'2018-01-01 00:01:01','Happy New Year            ',1,2),(108,50,'2017-12-05 12:12:12','<script>alert(\"JS script injection!\");</script>',105,2),(109,50,'2017-12-05 12:12:12','<script>alert(\"JS script injection!\");</script>',105,2),(110,50,'2017-12-05 12:12:12','<script>alert(document.cookie)</script>',105,2),(111,50,'2017-12-05 12:12:12','            sdfsdfsdfsdf',105,2);
/*!40000 ALTER TABLE `feeling_log` ENABLE KEYS */;
UNLOCK TABLES;

--
-- Table structure for table `gp`
--

DROP TABLE IF EXISTS `gp`;
/*!40101 SET @saved_cs_client     = @@character_set_client */;
/*!40101 SET character_set_client = utf8 */;
CREATE TABLE `gp` (
  `gp_id` int(11) NOT NULL AUTO_INCREMENT,
  `name` varchar(20) NOT NULL,
  `address_line_1` varchar(45) DEFAULT NULL,
  `address_line_2` varchar(45) DEFAULT NULL,
  `address_line_3` varchar(45) DEFAULT NULL,
  `city` varchar(30) DEFAULT NULL,
  `postcode` varchar(10) NOT NULL,
  `telephone` varchar(15) DEFAULT NULL,
  `fax` varchar(15) DEFAULT NULL,
  `email` varchar(50) NOT NULL,
  `practise_type` varchar(40) DEFAULT NULL,
  `special_interest` varchar(40) DEFAULT NULL,
  `password` varchar(20) NOT NULL,
  PRIMARY KEY (`gp_id`),
  UNIQUE KEY `id_UNIQUE` (`gp_id`)
) ENGINE=InnoDB AUTO_INCREMENT=101 DEFAULT CHARSET=utf8;
/*!40101 SET character_set_client = @saved_cs_client */;

--
-- Dumping data for table `gp`
--

LOCK TABLES `gp` WRITE;
/*!40000 ALTER TABLE `gp` DISABLE KEYS */;
INSERT INTO `gp` VALUES (1,'Nathan','674 Ut Rd.',NULL,NULL,'Quinta Normal','4217','(0111) 957 6216','0347 501 2043','gary@nhs.net',NULL,NULL,'leopard'),(2,'Basil','Ap #153-8052 Proin Rd.',NULL,NULL,'Gbongan','437349','070 4176 1877','0989 783 2643','vehicula.Pellentesque@ante.org',NULL,NULL,'justo'),(3,'Leonard','P.O. Box 344, 7332 Ligula Road',NULL,NULL,'Dunkerque','5327 OS','0851 954 2540','(01392) 038185','a@b.net',NULL,NULL,'a'),(4,'Raphael','Ap #919-8796 Lacus Ave',NULL,NULL,'Bergeggi','409496','055 8589 1893','076 0190 5615','id.nunc@vestibulum.edu',NULL,NULL,'at'),(5,'Caleb','P.O. Box 518, 7144 Orci Avenue',NULL,NULL,'Rae-Edzo','861602','(020) 0464 1803','(022) 7665 3759','aliquam.eu@Aliquam.ca',NULL,NULL,'arcu.'),(6,'Cadman','177-8946 Pellentesque Road',NULL,NULL,'Los Sauces','27719','(01221) 605370','0309 905 0906','steve@gp.net',NULL,NULL,'ronaldo'),(7,'Forrest','8577 Eget Road',NULL,NULL,'Pontarlier','9242','(016977) 1491','0800 1111','feugiat@eget.net',NULL,NULL,'dui,'),(8,'Raymond','Ap #789-1211 Blandit. St.',NULL,NULL,'Tampa','04-770','(016977) 4718','0805 799 4447','molestie@cursuspurusNullam.net',NULL,NULL,'Aliquam'),(9,'Rigel','612-4888 Inceptos Road',NULL,NULL,'Rödermark','9329','0800 1111','(0116) 648 6353','gravida@Donecluctus.co.uk',NULL,NULL,'faucibus'),(10,'Nasim','Ap #944-2899 Lacus, St.',NULL,NULL,'Goderich','57600','0981 397 4596','0800 509 7434','aliquam.eros.turpis@semperegestasurna.net',NULL,NULL,'Nam'),(11,'Daniel','P.O. Box 664, 7275 Integer St.',NULL,NULL,'Vliermaalroot','5267','055 9690 4140','056 8933 0225','massa.Integer@quis.net',NULL,NULL,'Vivamus'),(12,'Alec','Ap #300-9541 Nunc Rd.',NULL,NULL,'San Felipe','60300','056 0556 7494','076 2508 3354','Aenean.euismod@sodalesnisi.edu',NULL,NULL,'ut,'),(13,'Kevin','Ap #555-3556 Ornare Avenue',NULL,NULL,'Zielona Góra','7942','0982 709 7029','07955 714359','id.sapien.Cras@quis.org',NULL,NULL,'ante'),(14,'Jason','Ap #797-7780 Fusce Avenue',NULL,NULL,'Reading','6009','0876 414 9169','056 3564 8143','turpis.egestas.Aliquam@dolorsit.ca',NULL,NULL,'Curabitur'),(15,'Wing','596-1252 Malesuada Road',NULL,NULL,'Satara','9550','(01599) 667123','(01411) 52946','Donec.consectetuer@euelitNulla.com',NULL,NULL,'convallis'),(16,'Jordan','5012 Lobortis St.',NULL,NULL,'Vöcklabruck','2658','(01412) 038611','0800 255282','Pellentesque@maurissit.co.uk',NULL,NULL,'vel'),(17,'Nolan','P.O. Box 799, 2064 Sit St.',NULL,NULL,'Woerden','16194','07624 999432','(017784) 05402','nunc.sed.libero@Curabituregestas.org',NULL,NULL,'bibendum'),(18,'Chaim','P.O. Box 263, 5380 Non Rd.',NULL,NULL,'Airdrie','3835','0871 573 1311','056 5967 9263','mauris.rhoncus.id@antelectus.net',NULL,NULL,'diam'),(19,'Barry','P.O. Box 917, 8636 A Street',NULL,NULL,'Lapscheure','899936','0800 103 9139','(0121) 851 7440','nunc.sed.pede@egestasblanditNam.ca',NULL,NULL,'facilisis'),(20,'Caleb','Ap #209-1861 Lacus Rd.',NULL,NULL,'Whitchurch-Stouffville','A5 9RH','0800 209 5443','0800 020826','placerat.augue@adipiscingelitCurabitur.com',NULL,NULL,'magna'),(21,'George','311-614 Duis St.',NULL,NULL,'Mont-de-Marsan','264448','(027) 2789 3525','070 5179 9079','pretium.neque.Morbi@antedictummi.org',NULL,NULL,'at'),(22,'Devin','9005 Mauris Rd.',NULL,NULL,'Hapur','88-327','056 9840 8753','(016977) 8263','velit.in.aliquet@Cumsociisnatoque.ca',NULL,NULL,'Donec'),(23,'Abdul','174-4478 Fusce Rd.',NULL,NULL,'Hoyerswerda','4231','076 5024 6574','076 6350 8503','Vestibulum@tinciduntvehicula.ca',NULL,NULL,'Nunc'),(24,'Gannon','Ap #915-1885 Lectus Ave',NULL,NULL,'Northallerton','KC4Y 9WS','(01552) 57033','056 1699 5599','daniel@daniel.com',NULL,NULL,'village'),(25,'Uriah','P.O. Box 927, 5793 Cras Rd.',NULL,NULL,'Maryborough','397006','0979 284 4818','0800 130 2394','ipsum.Phasellus@arcu.co.uk',NULL,NULL,'odio.'),(26,'Todd','194-9382 Orci Av.',NULL,NULL,'Grey County','97122-922','0377 405 8553','0854 181 2017','fermentum.fermentum.arcu@orciadipiscingnon.com',NULL,NULL,'Ut'),(27,'Emmanuel','P.O. Box 533, 9461 Dolor Avenue',NULL,NULL,'Montresta','8149','0500 862493','055 9194 1770','ipsum.nunc.id@molestietortor.com',NULL,NULL,'molestie'),(28,'Byron','P.O. Box 141, 732 Eu Street',NULL,NULL,'Uttarpara-Kotrung','2616 TM','(016977) 1003','0846 671 4284','egestas.a@ligulaconsectetuer.edu',NULL,NULL,'Integer'),(29,'Cooper','Ap #164-6335 Nunc St.',NULL,NULL,'San Isidro de El General','05718','07624 518397','070 1831 2074','nec.tellus@auctorullamcorpernisl.org',NULL,NULL,'a,'),(30,'Jesse','P.O. Box 532, 3051 Suspendisse Rd.',NULL,NULL,'Strongoli','64126','07624 095019','0800 792 2843','ante.ipsum@In.ca',NULL,NULL,'aliquet'),(31,'Wing','Ap #539-5343 Convallis Avenue',NULL,NULL,'Gibsons','577009','(01600) 93774','0800 110 1274','imperdiet.ullamcorper@massaMaurisvestibulum.edu',NULL,NULL,'volutpat'),(32,'Ciaran','6499 Dui, St.',NULL,NULL,'Meridian','H0 0AP','0500 592987','0800 187 9008','elit.dictum@ipsumdolorsit.co.uk',NULL,NULL,'Quisque'),(33,'Cairo','Ap #265-8971 Tortor. Rd.',NULL,NULL,'Foz do Iguaçu','21-101','0845 46 40','056 8468 1948','Integer.sem@justonec.co.uk',NULL,NULL,'nibh'),(34,'Brent','294-4181 Sed Ave',NULL,NULL,'Baarle-Hertog','56058','070 5931 1836','(01670) 65718','gravida@porttitor.net',NULL,NULL,'ultricies'),(35,'Malik','P.O. Box 883, 4611 Donec Road',NULL,NULL,'Béziers','2133','(0121) 791 8639','07125 410261','eu@et.net',NULL,NULL,'ridiculus'),(36,'Lev','P.O. Box 627, 5358 Ornare Road',NULL,NULL,'Monte Patria','21832','(0117) 300 8070','07624 509247','ac@loremac.net',NULL,NULL,'amet'),(37,'Rahim','243-6498 Sodales. Avenue',NULL,NULL,'Mönchengladbach','72537','07624 564471','0845 46 45','libero.dui.nec@magna.ca',NULL,NULL,'eu,'),(38,'Elton','5745 Mauris St.',NULL,NULL,'San Antonio','87102','07624 016869','0800 1111','vel@Pellentesqueultriciesdignissim.ca',NULL,NULL,'elit'),(39,'Holmes','P.O. Box 633, 5002 Cursus Av.',NULL,NULL,'Vastogirardi','207111','076 8256 3748','070 9967 4682','diam.luctus.lobortis@euismod.net',NULL,NULL,'viverra.'),(40,'Merritt','6619 Natoque St.',NULL,NULL,'Subiaco','640470','055 0732 8185','055 0928 5725','odio.tristique@orci.edu',NULL,NULL,'euismod'),(41,'Ivor','P.O. Box 182, 8654 Est Av.',NULL,NULL,'Mannheim','1351','055 1314 8287','070 2423 3582','tincidunt.nibh@eutellusPhasellus.ca',NULL,NULL,'felis.'),(42,'Ferdinand','702-4390 Amet Ave',NULL,NULL,'Quintero','A7H 7K1','07624 972006','056 1958 9519','feugiat.nec.diam@diamPellentesquehabitant.edu',NULL,NULL,'nec'),(43,'Fitzgerald','Ap #814-9604 Aliquam Ave',NULL,NULL,'Allahabad','4545','(0119) 258 7193','(0113) 345 5437','at.risus.Nunc@pretiumetrutrum.ca',NULL,NULL,'turpis'),(44,'Vance','9764 Parturient Road',NULL,NULL,'Arsoli','39370','055 9380 0401','056 3415 0057','arcu.Vestibulum@vitaemauris.com',NULL,NULL,'non,'),(45,'Norman','P.O. Box 354, 6511 Auctor, Rd.',NULL,NULL,'Nocciano','472312','0800 533 9637','0831 656 8973','lobortis@acmattis.edu',NULL,NULL,'ligula'),(46,'Ali','708-6826 Et St.',NULL,NULL,'Pike Creek','9812','(0113) 033 4331','055 8771 8912','mauris.sagittis.placerat@Vestibulumanteipsum.net',NULL,NULL,'et'),(47,'Nissim','P.O. Box 632, 8509 Aliquam Av.',NULL,NULL,'Lerwick','61099','(011378) 62051','(0151) 985 4772','leo@nuncac.com',NULL,NULL,'feugiat'),(48,'Laith','P.O. Box 147, 4159 Quisque Av.',NULL,NULL,'Wick','73514','(0151) 817 4790','(01199) 990585','dolor.sit.amet@Fuscealiquamenim.co.uk',NULL,NULL,'orci,'),(49,'Noah','Ap #188-9613 Aliquam Street',NULL,NULL,'Multan','32296-052','0395 655 0491','(0101) 115 9686','Curabitur.sed@vel.ca',NULL,NULL,'sed'),(50,'Tarik','778-2957 Amet, St.',NULL,NULL,'Newbury','5305','07391 371006','(01801) 52109','et.netus@vulputate.net',NULL,NULL,'aliquam'),(51,'Luke','154-8679 Non Rd.',NULL,NULL,'Williams Lake','20513','0800 914 8571','0845 46 41','nunc@duiCum.ca',NULL,NULL,'et'),(52,'Dante','6820 Ac St.',NULL,NULL,'Wha Ti','34802','0949 651 0041','0800 1111','dui@conubianostraper.com',NULL,NULL,'Suspendisse'),(53,'Rogan','Ap #233-6216 Ligula Street',NULL,NULL,'Meldert','16715-588','(01230) 72410','0800 688 0657','neque.venenatis.lacus@blanditviverra.ca',NULL,NULL,'litora'),(54,'Josiah','2813 Neque Ave',NULL,NULL,'Erchie','87708','055 3913 6512','056 3153 2059','elit@ornareegestasligula.ca',NULL,NULL,'ut'),(55,'Plato','1926 Pharetra. Street',NULL,NULL,'Salvador','90-703','076 2051 9427','055 1480 6734','sit.amet@ut.edu',NULL,NULL,'pede.'),(56,'Darius','563-8672 Semper St.',NULL,NULL,'Bevel','6077 KA','076 2066 9921','(0141) 318 9810','congue@velit.co.uk',NULL,NULL,'tincidunt,'),(57,'Tiger','6100 Pede. St.',NULL,NULL,'North Saanich','25346','(01031) 109152','(026) 9530 4031','nec@Vivamus.org',NULL,NULL,'penatibus'),(58,'Bruce','9249 Et St.',NULL,NULL,'Pedace','39927','0845 46 43','0800 959409','cursus@utlacus.net',NULL,NULL,'tempor'),(59,'Alfonso','P.O. Box 386, 8531 Velit. St.',NULL,NULL,'Asbestos','P91 0JL','0912 297 5959','(0121) 467 1944','diam.Duis.mi@Maurisblanditenim.org',NULL,NULL,'dui.'),(60,'Wyatt','280-557 Nullam Avenue',NULL,NULL,'Kirkland','19593','0352 137 0279','(016977) 1539','odio@nonnisi.co.uk',NULL,NULL,'enim'),(61,'Addison','279-1554 Est, Av.',NULL,NULL,'Winterswijk','7254','055 8276 4389','0800 1111','pulvinar.arcu.et@lorem.com',NULL,NULL,'Vivamus'),(62,'Gareth','9896 Risus St.',NULL,NULL,'Vucht','7012','0500 832533','070 5888 5770','lorem.vehicula@montes.ca',NULL,NULL,'sodales'),(63,'Phelan','4823 Dolor Rd.',NULL,NULL,'Villers-Perwin','432954','07210 287530','(027) 8047 7600','eget.tincidunt.dui@mollisvitaeposuere.org',NULL,NULL,'Nam'),(64,'Phelan','P.O. Box 289, 6791 Lacus. Ave',NULL,NULL,'Zandvoorde','184150','0804 612 0734','07624 141242','Sed@Praesenteunulla.edu',NULL,NULL,'Donec'),(65,'Ulysses','P.O. Box 431, 313 Lectus Road',NULL,NULL,'Knokke-Heist','7465','(026) 8689 2249','07993 346071','ante.Vivamus.non@gravida.net',NULL,NULL,'tellus'),(66,'Avram','452 Fames Avenue',NULL,NULL,'Bharuch','89738','0500 218095','(028) 9591 5819','lacus.vestibulum@nibh.org',NULL,NULL,'et'),(67,'Jamal','344-9232 Pharetra. Road',NULL,NULL,'East Gwillimbury','546484','07624 755215','0500 828740','massa@asollicitudinorci.org',NULL,NULL,'Nunc'),(68,'Kibo','P.O. Box 379, 3890 Quisque Av.',NULL,NULL,'Caxias','2479','070 6267 1325','(01136) 35945','Sed.nunc@necmauris.edu',NULL,NULL,'consequat'),(69,'Kane','Ap #712-7287 Montes, Rd.',NULL,NULL,'Lincoln','31909','076 6553 6593','07728 016793','orci.adipiscing@velitSedmalesuada.org',NULL,NULL,'elit.'),(70,'Quinn','1024 Lobortis, Avenue',NULL,NULL,'Castellina in Chianti','458300','(013812) 54742','(026) 2337 9997','lorem.lorem.luctus@ametloremsemper.com',NULL,NULL,'Nulla'),(71,'Alan','6377 Dui. Ave',NULL,NULL,'Nurdağı','080170','0500 845721','0387 159 2761','Quisque.tincidunt.pede@dictumsapienAenean.org',NULL,NULL,'Donec'),(72,'Palmer','6981 Vitae St.',NULL,NULL,'Morro d\'Alba','994068','0845 46 46','(0181) 334 0108','nec@aliquamadipiscinglacus.ca',NULL,NULL,'egestas.'),(73,'Tobias','7885 Blandit St.',NULL,NULL,'Linkhout','214047','(011234) 76521','0949 684 5203','Vivamus.euismod.urna@metus.org',NULL,NULL,'lobortis'),(74,'Kennedy','P.O. Box 989, 9755 Sapien. Road',NULL,NULL,'Villanova d\'Albenga','2742','(014485) 32857','0800 858477','sodales.Mauris.blandit@volutpatNulla.ca',NULL,NULL,'Integer'),(75,'Branden','8232 Semper Street',NULL,NULL,'Moradabad','590674','076 7700 5071','0974 876 7725','non.enim@MorbivehiculaPellentesque.edu',NULL,NULL,'Quisque'),(76,'Leonard','Ap #445-472 Ultricies St.',NULL,NULL,'Bracknell','Q5L 1PJ','0869 817 7599','0845 46 40','Cras.dictum@luctusfelispurus.com',NULL,NULL,'non'),(77,'Calvin','P.O. Box 334, 549 Taciti Road',NULL,NULL,'Carunchio','24732','07624 330228','056 3886 1299','at@Duisami.com',NULL,NULL,'Nulla'),(78,'Luke','Ap #578-192 Aliquam Rd.',NULL,NULL,'Birkenhead','27587','0981 074 2407','0800 1111','Nulla@accumsanneque.co.uk',NULL,NULL,'litora'),(79,'Steven','2458 A Street',NULL,NULL,'Gianico','610561','0879 800 4705','055 9513 9102','sodales.nisi.magna@erat.co.uk',NULL,NULL,'diam'),(80,'Thane','983-7302 Lacus. St.',NULL,NULL,'Tracadie-Shelia','06484','056 6625 4186','(01550) 70297','cursus@nislsem.com',NULL,NULL,'accumsan'),(81,'Kuame','Ap #667-3526 Praesent Avenue',NULL,NULL,'Stirling','05519','055 1281 0325','055 4014 5540','eu.odio.Phasellus@Donectincidunt.ca',NULL,NULL,'Vivamus'),(82,'Jonas','P.O. Box 772, 4422 Duis Av.',NULL,NULL,'Calle Blancos','8069','(025) 3079 1485','0845 46 40','rutrum@vulputaterisusa.net',NULL,NULL,'cursus'),(83,'Bevis','P.O. Box 591, 2851 Tincidunt. Ave',NULL,NULL,'Froidchapelle','51571','(025) 1660 1824','07624 264763','quam.quis@arcuSedet.co.uk',NULL,NULL,'placerat'),(84,'Travis','P.O. Box 601, 2100 Consectetuer Ave',NULL,NULL,'Vihari','771433','0845 46 40','07258 262195','magna.Phasellus@placeratorci.co.uk',NULL,NULL,'Etiam'),(85,'Griffin','Ap #633-2850 Donec Ave',NULL,NULL,'İskenderun','35928','(018804) 61457','0389 792 4435','at@duiaugueeu.net',NULL,NULL,'in'),(86,'Grant','219-6645 Pede St.',NULL,NULL,'Minna','B8 5RI','(025) 7646 7121','0800 979 0964','eget.odio.Aliquam@Suspendissealiquet.net',NULL,NULL,'molestie'),(87,'Joel','8133 At Rd.',NULL,NULL,'Morvi','92446-283','(016977) 3273','055 1010 9900','ac.orci.Ut@dapibusrutrumjusto.com',NULL,NULL,'Etiam'),(88,'Drew','P.O. Box 754, 2901 Enim. Av.',NULL,NULL,'Gillette','15257','0800 303754','(01489) 90030','ut@penatibusetmagnis.edu',NULL,NULL,'sociosqu'),(89,'Luke','9570 Sed Rd.',NULL,NULL,'Sierning','3689','07917 936089','0845 46 40','mattis.Integer@nulla.edu',NULL,NULL,'est'),(90,'Kibo','Ap #920-9978 Vulputate St.',NULL,NULL,'Bras','12013','076 7280 5437','0800 1111','arcu@rhoncusProin.com',NULL,NULL,'augue.'),(91,'Rafael','5644 Massa Av.',NULL,NULL,'Lennik','524304','070 3040 9531','0390 540 2816','ultrices.posuere.cubilia@magna.net',NULL,NULL,'accumsan'),(92,'Zane','Ap #547-8410 Vitae Road',NULL,NULL,'Darbhanga','272162','0800 082 2839','0800 512986','Fusce.diam@ametante.net',NULL,NULL,'sollicitudin'),(93,'Nero','779-6432 Dignissim Ave',NULL,NULL,'Booischot','527869','055 8795 5863','0800 1111','sed@Vivamussit.org',NULL,NULL,'elit.'),(94,'Conan','Ap #234-2598 Nisl Rd.',NULL,NULL,'Talagante','703010','(01452) 10449','07624 197409','lorem@tempus.ca',NULL,NULL,'Nulla'),(95,'Gray','Ap #263-9380 Dolor, Rd.',NULL,NULL,'Luttre','78289','056 3099 4886','0800 382640','libero.Donec@Donec.co.uk',NULL,NULL,'faucibus'),(96,'Marshall','724-3482 Et Road',NULL,NULL,'Delta','99-970','0500 270380','0800 191 4308','a.dui.Cras@DonecegestasDuis.ca',NULL,NULL,'sed,'),(97,'Ashton','Ap #228-7548 Nascetur Avenue',NULL,NULL,'Saint-Prime','481266','0800 927759','070 6031 5838','elit.pede.malesuada@Suspendisse.edu',NULL,NULL,'cursus'),(98,'Mannix','281-1016 Sed Av.',NULL,NULL,'Geertruidenberg','270611','0500 684396','(0111) 675 3571','Integer.vulputate@egetmagnaSuspendisse.com',NULL,NULL,'ligula'),(99,'Gil','2102 Pellentesque Avenue',NULL,NULL,'Guelph','6786','(01264) 003714','(0115) 782 3905','nec.tempus@tinciduntDonecvitae.com',NULL,NULL,'vel'),(100,'Demetrius','9069 Nec, Street',NULL,NULL,'Lerwick','36499-456','0800 524 1088','0810 745 0364','arcu.ac.orci@sedpedenec.edu',NULL,NULL,'lobortis');
/*!40000 ALTER TABLE `gp` ENABLE KEYS */;
UNLOCK TABLES;

--
-- Table structure for table `patient`
--

DROP TABLE IF EXISTS `patient`;
/*!40101 SET @saved_cs_client     = @@character_set_client */;
/*!40101 SET character_set_client = utf8 */;
CREATE TABLE `patient` (
  `patient_id` int(11) NOT NULL AUTO_INCREMENT,
  `nhs_no` int(11) NOT NULL,
  `depression_level` int(11) NOT NULL DEFAULT '1',
  `gp_id` int(11) NOT NULL,
  `password` varchar(100) NOT NULL,
  `salt` varchar(100) DEFAULT NULL,
  PRIMARY KEY (`patient_id`),
  UNIQUE KEY `patient_id_UNIQUE` (`patient_id`),
  UNIQUE KEY `nhs_no_UNIQUE` (`nhs_no`),
  KEY `fk_patient_gp_idx` (`gp_id`),
  CONSTRAINT `fk_patient_gp` FOREIGN KEY (`gp_id`) REFERENCES `gp` (`gp_id`) ON DELETE NO ACTION ON UPDATE NO ACTION
) ENGINE=InnoDB AUTO_INCREMENT=140 DEFAULT CHARSET=utf8;
/*!40101 SET character_set_client = @saved_cs_client */;

--
-- Dumping data for table `patient`
--

LOCK TABLES `patient` WRITE;
/*!40000 ALTER TABLE `patient` DISABLE KEYS */;
INSERT INTO `patient` VALUES (1,100,7,1,'courgettes',NULL),(2,101,3,2,'lamp',NULL),(3,102,9,3,'salad',NULL),(4,103,9,4,'cheese',NULL),(5,104,1,5,'iphone',NULL),(6,105,9,6,'biscuits',NULL),(7,106,2,7,'foxesmints',NULL),(8,107,5,8,'trophy',NULL),(9,108,10,9,'eleifend,',NULL),(10,109,6,10,'ipsum',NULL),(11,110,5,11,'primis',NULL),(12,111,7,12,'non',NULL),(13,112,10,13,'a',NULL),(14,113,1,14,'velit.',NULL),(15,114,6,15,'scelerisque',NULL),(16,115,2,16,'eget',NULL),(17,116,1,17,'ac',NULL),(18,117,5,18,'nisl',NULL),(19,118,8,19,'feugiat',NULL),(20,119,6,20,'consectetuer,',NULL),(21,120,6,21,'lorem,',NULL),(22,121,5,22,'enim,',NULL),(23,122,9,23,'Donec',NULL),(24,123,4,24,'risus.',NULL),(25,124,10,25,'pede',NULL),(26,125,1,26,'nulla.',NULL),(27,126,6,27,'libero',NULL),(28,127,3,28,'quam',NULL),(29,128,8,29,'vel',NULL),(30,129,9,30,'lorem',NULL),(31,130,8,31,'lacinia.',NULL),(32,131,3,32,'sem.',NULL),(33,132,5,33,'sodales',NULL),(34,133,2,34,'arcu.',NULL),(35,134,2,35,'molestie',NULL),(36,135,4,36,'blandit',NULL),(37,136,9,37,'a',NULL),(38,137,1,38,'Nam',NULL),(39,138,5,39,'ipsum',NULL),(40,139,6,40,'Morbi',NULL),(41,140,4,41,'Praesent',NULL),(42,141,3,42,'at,',NULL),(43,142,8,43,'ut,',NULL),(44,143,10,44,'eros',NULL),(45,144,8,45,'posuere',NULL),(46,145,1,46,'suscipit',NULL),(47,146,6,47,'Nulla',NULL),(48,147,4,48,'enim.',NULL),(49,148,1,49,'eros',NULL),(50,149,3,50,'ut',NULL),(51,150,2,51,'sed',NULL),(52,151,4,52,'tellus,',NULL),(53,152,10,53,'eu',NULL),(54,153,10,54,'tempor',NULL),(55,154,6,55,'Proin',NULL),(56,155,2,56,'mauris',NULL),(57,156,4,57,'pharetra',NULL),(58,157,5,58,'ac',NULL),(59,158,6,59,'felis,',NULL),(60,159,7,60,'amet',NULL),(61,160,7,61,'Duis',NULL),(62,161,3,62,'semper',NULL),(63,162,5,63,'Suspendisse',NULL),(64,163,4,64,'eu',NULL),(65,164,5,65,'magna.',NULL),(66,165,5,66,'Praesent',NULL),(67,166,2,67,'metus.',NULL),(68,167,2,68,'penatibus',NULL),(69,168,2,69,'orci.',NULL),(70,169,5,70,'sem',NULL),(71,170,6,71,'Integer',NULL),(72,171,7,72,'ultrices.',NULL),(73,172,10,73,'Cras',NULL),(74,173,9,74,'orci,',NULL),(75,174,10,75,'porttitor',NULL),(76,175,6,76,'luctus',NULL),(77,176,7,77,'Aliquam',NULL),(78,177,4,78,'sed',NULL),(79,178,1,79,'molestie',NULL),(80,179,8,80,'lorem,',NULL),(81,180,1,81,'mattis',NULL),(82,181,4,82,'tincidunt',NULL),(83,182,7,83,'ornare,',NULL),(84,183,10,84,'scelerisque',NULL),(85,184,3,85,'sagittis.',NULL),(86,185,10,86,'sit',NULL),(87,186,10,87,'orci',NULL),(88,187,2,88,'Donec',NULL),(89,188,2,89,'vitae,',NULL),(90,189,10,90,'iaculis',NULL),(91,190,2,91,'risus.',NULL),(92,191,4,92,'sagittis.',NULL),(93,192,1,93,'mus.',NULL),(94,193,10,94,'Maecenas',NULL),(95,194,8,95,'pulvinar',NULL),(96,195,8,96,'massa',NULL),(97,196,5,97,'dolor.',NULL),(98,197,3,98,'amet',NULL),(99,198,10,99,'penatibus',NULL),(100,199,1,100,'eu',NULL),(101,1111,12123,4,'a',NULL),(102,231,100,1,'venenatis',NULL),(104,234,10234,3,'12',NULL),(105,443,10,3,'a',NULL),(106,555,1044,3,'dsa',NULL),(107,456,10,3,'asd3cdDas',NULL),(108,823,10,3,'Steven123C',NULL),(109,239,2,3,'989Acfgsdf2',NULL),(111,893,10,3,'venenatisA1',NULL),(114,887,10,3,'venenatis6C',NULL),(115,1,123,3,'venenatisAC3',NULL),(116,1289,134,3,'AC123Dc12',NULL),(117,1290,103,3,'venenatisA3',NULL),(118,333,103123,3,'lorem,1cD',NULL),(119,834,43,3,'Acheesman8',NULL),(120,987,12,3,'RfTEtQjf6dlkGpT2lykbjvJkkuZinXPr79M7oFNB2wo=',NULL),(121,879,32,3,'ziJ/OAjIXfb7/FsylDcPkOT/KHWchH8KMlnydYzEk3E=',NULL),(122,9991,23,3,'fAisUF3XrpH7JsUMKdK0hvH4hqo5x2TCxGl6pXhzxuY=',NULL),(123,1231,2,3,'qF/GchE6bBbfCGxVSFGiPv2jbrf6c2fFzVSqyr0maQg=',NULL),(126,6653,12,3,'ZpW7jqPaNTAs3pMbM3dfriCoWPIAClnGHc/4vQWbzko=',NULL),(127,312,12,3,'AZpilPjqrD+Tt92MuWp60lFREf3yHxdVSm0PkdDAHVg=','cMGRyGh1xygxcFSHTCfA'),(128,999,1,3,'4pvNIySeGD8tbOiJsxF0AEnTpXdLiFlN3WvcgI6pO7I=','xVsTed8hUAZi4HmRvSDm'),(129,561,19,3,'wWuyofPPnT1AKpb7ugViOEZRNqnon0+Gq1pzZd5gRwc=','POmonZ8qdWiAu4nSUvTQ'),(130,898,1,3,'NMu+aD225ks2qLsyJhLocDyRSG7ohohE3h9r411TpgQ=','ElnXsnoNsZalmVJlV9oR'),(131,3,2,3,'bkibcxWzVrQWScVtII383avfyZFuEAKi3kovwWVW8nM=','6dIwFU07zTg99Gt6CqIN'),(132,211,1,3,'oyW+7gz47ZSSHxxq3a8s3SPFqyKQ7BzilOu6uQlPXfk=','9zKCc4Vef1qMAE17Qv85'),(133,884,2,3,'1MIAmL2oX5ahK2nPsLyDvueVPWPksxskUCxvQ8h5fj0=','IyA28yX1KFthqvY2qgow'),(135,352,1,3,'q9QUd8EFf8Gdkt+iX3nCPObei5mjaSDPEhI4TE32N8o=','JlWtFwiAyFeHGSbnyuXb'),(136,919,2,3,'WMcoAG2gD24DzW6KZWDVTdgqfgAo53/ZOra+YLDMgCI=','wIZnVgGQndMzafvDbuJo'),(137,432,1,3,'QUA8mcHbgGTi1NLTIe2zx8O/gg8QHRLWHWYrPWlcLis=','cPSJ8RaB4dNvdgxnXWKE'),(138,444,4,3,'vnKQZGOzsaigH8iQ16Eh9mw8xO7QZavL7p7IeIvEZFw=','xTobNsmu1FF1lGMx1ehY'),(139,313,1,3,'Zc+Xm4vUp2SIJkvj/Hcf9rHcBLaxyKzt26ANY2366og=','Ets4O0APlsovX6vQZUJf');
/*!40000 ALTER TABLE `patient` ENABLE KEYS */;
UNLOCK TABLES;

--
-- Table structure for table `scheduled`
--

DROP TABLE IF EXISTS `scheduled`;
/*!40101 SET @saved_cs_client     = @@character_set_client */;
/*!40101 SET character_set_client = utf8 */;
CREATE TABLE `scheduled` (
  `event_id` int(11) NOT NULL AUTO_INCREMENT,
  `sch_date` datetime DEFAULT NULL,
  `event_condition` tinyint(1) DEFAULT NULL,
  `patient_patient_id` int(11) NOT NULL,
  `activity_activity_id` int(11) NOT NULL,
  PRIMARY KEY (`event_id`),
  UNIQUE KEY `event_id_UNIQUE` (`event_id`),
  KEY `fk_schedule_patient1_idx` (`patient_patient_id`),
  KEY `fk_schedule_activity1_idx` (`activity_activity_id`),
  CONSTRAINT `fk_schedule_activity1` FOREIGN KEY (`activity_activity_id`) REFERENCES `activity` (`activity_id`) ON DELETE NO ACTION ON UPDATE NO ACTION,
  CONSTRAINT `fk_schedule_patient1` FOREIGN KEY (`patient_patient_id`) REFERENCES `patient` (`patient_id`) ON DELETE NO ACTION ON UPDATE NO ACTION
) ENGINE=InnoDB AUTO_INCREMENT=116 DEFAULT CHARSET=utf8;
/*!40101 SET character_set_client = @saved_cs_client */;

--
-- Dumping data for table `scheduled`
--

LOCK TABLES `scheduled` WRITE;
/*!40000 ALTER TABLE `scheduled` DISABLE KEYS */;
INSERT INTO `scheduled` VALUES (1,'2017-05-26 06:18:28',1,1,1),(2,'2017-08-03 22:29:47',1,2,2),(3,'2018-07-02 05:06:05',1,3,3),(4,'2018-07-15 08:26:11',1,4,4),(5,'2017-05-03 17:09:04',1,5,5),(6,'2018-06-14 05:35:10',1,6,6),(7,'2017-03-25 18:32:49',1,7,7),(8,'2018-10-23 16:50:21',1,8,8),(9,'2017-01-15 16:49:21',1,9,9),(10,'2018-06-26 01:22:39',1,10,10),(11,'2018-06-23 01:15:03',1,11,11),(12,'2018-09-07 06:07:45',1,12,12),(13,'2017-07-15 12:25:03',1,13,13),(14,'2018-01-25 03:49:56',1,14,14),(15,'2017-01-25 00:58:57',1,15,15),(16,'2018-01-07 14:33:13',1,16,16),(17,'2018-04-07 13:17:50',1,17,17),(18,'2018-11-08 13:40:53',1,18,18),(19,'2017-12-24 02:38:50',1,19,19),(20,'2017-10-22 03:20:55',1,20,20),(21,'2017-10-04 03:55:58',1,21,21),(22,'2016-12-06 02:06:19',1,22,22),(23,'2018-04-08 09:04:15',1,23,23),(24,'2018-03-10 19:31:55',1,24,24),(25,'2017-01-19 13:49:31',1,25,25),(26,'2016-12-23 07:49:21',1,26,26),(27,'2017-04-04 18:07:42',1,27,27),(28,'2017-09-26 19:15:14',1,28,28),(29,'2017-05-29 09:03:31',1,29,29),(30,'2017-02-12 13:36:07',1,30,30),(31,'2017-05-26 06:28:37',1,31,31),(32,'2016-12-08 06:28:57',1,32,32),(33,'2017-07-27 00:43:14',1,33,33),(34,'2017-07-13 23:50:47',1,34,34),(35,'2018-07-11 08:49:26',1,35,35),(36,'2018-02-13 14:17:07',1,36,36),(37,'2018-09-09 15:20:25',1,37,37),(38,'2016-12-16 08:47:03',1,38,38),(39,'2017-12-06 06:09:05',1,39,39),(40,'2016-11-24 02:43:53',1,40,40),(41,'2018-07-06 03:48:12',1,41,41),(42,'2017-09-11 17:05:35',1,42,42),(43,'2017-06-14 21:16:12',1,43,43),(44,'2017-07-13 11:28:32',1,44,44),(45,'2016-12-30 04:08:26',1,45,45),(46,'2017-11-02 03:41:28',1,46,46),(47,'2017-04-19 11:59:58',1,47,47),(48,'2018-02-09 02:06:53',1,48,48),(49,'2017-09-21 00:26:08',1,49,49),(50,'2017-04-28 15:42:10',1,50,50),(51,'2017-12-21 15:57:58',1,51,51),(52,'2018-05-08 11:34:30',1,52,52),(53,'2017-09-30 22:55:31',1,53,53),(54,'2017-12-09 00:25:52',1,54,54),(55,'2018-06-27 22:18:09',1,55,55),(56,'2018-09-05 23:46:25',1,56,56),(57,'2017-03-05 22:50:40',1,57,57),(58,'2017-04-18 20:54:06',1,58,58),(59,'2017-11-12 13:30:50',1,59,59),(60,'2017-05-15 18:32:26',1,60,60),(61,'2017-03-26 06:29:58',1,61,61),(62,'2018-05-04 11:19:56',1,62,62),(63,'2018-11-18 11:21:17',1,63,63),(64,'2018-01-18 04:24:02',1,64,64),(65,'2017-06-28 13:55:54',1,65,65),(66,'2017-12-26 08:36:27',1,66,66),(67,'2016-11-28 03:29:43',1,67,67),(68,'2018-07-14 22:50:08',1,68,68),(69,'2017-06-15 03:22:18',1,69,69),(70,'2017-12-14 13:53:54',1,70,70),(71,'2016-12-19 04:48:27',1,71,71),(72,'2018-02-14 02:17:46',1,72,72),(73,'2018-08-26 10:38:10',1,73,73),(74,'2017-12-03 07:14:32',1,74,74),(75,'2017-05-25 02:13:07',1,75,75),(76,'2018-02-01 10:03:28',1,76,76),(77,'2017-06-22 18:56:50',1,77,77),(78,'2018-06-10 17:01:56',1,78,78),(79,'2018-03-22 11:39:37',1,79,79),(80,'2018-02-24 19:45:00',1,80,80),(81,'2017-12-23 18:11:53',1,81,81),(82,'2017-04-21 15:50:42',1,82,82),(83,'2016-12-26 18:15:56',1,83,83),(84,'2017-01-15 01:21:37',1,84,84),(85,'2018-07-11 01:54:25',1,85,85),(86,'2017-09-17 04:19:13',1,86,86),(87,'2017-06-10 02:53:44',1,87,87),(88,'2017-05-11 11:20:15',1,88,88),(89,'2017-01-27 00:48:49',1,89,89),(90,'2018-10-30 03:36:30',1,90,90),(91,'2018-09-19 03:35:43',1,91,91),(92,'2017-05-17 12:34:22',1,92,92),(93,'2017-03-06 09:26:01',1,93,93),(94,'2016-12-30 01:26:02',1,94,94),(95,'2018-08-02 06:04:49',1,95,95),(96,'2017-06-14 15:42:58',1,96,96),(97,'2018-03-19 11:17:51',1,97,97),(98,'2017-12-06 22:28:19',1,98,98),(99,'2017-07-22 07:05:37',1,99,99),(100,'2017-12-14 10:55:10',1,100,100),(101,'2017-10-12 11:11:11',0,1,101),(102,'2018-01-02 11:11:11',1,1,102),(103,'2018-01-02 11:11:11',0,1,103),(104,'2018-03-03 12:12:12',0,1,104),(105,'2018-03-03 12:12:12',0,1,105),(106,'2018-03-03 12:12:12',0,1,107),(107,'2019-04-03 12:12:12',0,1,108),(108,'2019-04-03 12:12:12',0,105,109),(109,'2019-04-03 12:12:12',0,105,110),(110,'2019-04-03 12:12:12',0,105,111),(111,'2019-04-03 12:12:12',0,105,112),(112,'2019-04-03 12:12:12',0,105,113),(114,'2019-04-03 12:12:12',0,128,115),(115,'2019-04-03 00:00:00',0,139,118);
/*!40000 ALTER TABLE `scheduled` ENABLE KEYS */;
UNLOCK TABLES;
/*!50003 SET @saved_cs_client      = @@character_set_client */ ;
/*!50003 SET @saved_cs_results     = @@character_set_results */ ;
/*!50003 SET @saved_col_connection = @@collation_connection */ ;
/*!50003 SET character_set_client  = utf8 */ ;
/*!50003 SET character_set_results = utf8 */ ;
/*!50003 SET collation_connection  = utf8_general_ci */ ;
/*!50003 SET @saved_sql_mode       = @@sql_mode */ ;
/*!50003 SET sql_mode              = 'STRICT_TRANS_TABLES,NO_AUTO_CREATE_USER,NO_ENGINE_SUBSTITUTION' */ ;
DELIMITER ;;
/*!50003 CREATE*/ /*!50017 DEFINER=`root`@`localhost`*/ /*!50003 TRIGGER action_log_trigger
AFTER INSERT ON scheduled FOR EACH ROW
	BEGIN
		INSERT INTO action_log (change_made, change_date, patient_patient_id)
        VALUES("Scheduled activity",now(), new.patient_patient_id);

	END */;;
DELIMITER ;
/*!50003 SET sql_mode              = @saved_sql_mode */ ;
/*!50003 SET character_set_client  = @saved_cs_client */ ;
/*!50003 SET character_set_results = @saved_cs_results */ ;
/*!50003 SET collation_connection  = @saved_col_connection */ ;

--
-- Table structure for table `schema_changes`
--

DROP TABLE IF EXISTS `schema_changes`;
/*!40101 SET @saved_cs_client     = @@character_set_client */;
/*!40101 SET character_set_client = utf8 */;
CREATE TABLE `schema_changes` (
  `ChangeID` int(11) NOT NULL AUTO_INCREMENT,
  `MajorReleaseNumber` int(11) NOT NULL,
  `MinorReleaseNumber` int(11) NOT NULL,
  `ScriptName` varchar(50) NOT NULL,
  `ScriptAuthor` varchar(50) NOT NULL,
  `ChangeDscription` varchar(255) NOT NULL,
  `DateApplied` datetime NOT NULL,
  PRIMARY KEY (`ChangeID`)
) ENGINE=InnoDB AUTO_INCREMENT=2 DEFAULT CHARSET=utf8;
/*!40101 SET character_set_client = @saved_cs_client */;

--
-- Dumping data for table `schema_changes`
--

LOCK TABLES `schema_changes` WRITE;
/*!40000 ALTER TABLE `schema_changes` DISABLE KEYS */;
INSERT INTO `schema_changes` VALUES (1,1,1,'update_schedule_table.sql','1645238','table namings were keywords.','2017-12-14 10:40:03');
/*!40000 ALTER TABLE `schema_changes` ENABLE KEYS */;
UNLOCK TABLES;

--
-- Dumping events for database 'behaviour'
--

--
-- Dumping routines for database 'behaviour'
--
/*!50003 DROP FUNCTION IF EXISTS `function_activity_name` */;
/*!50003 SET @saved_cs_client      = @@character_set_client */ ;
/*!50003 SET @saved_cs_results     = @@character_set_results */ ;
/*!50003 SET @saved_col_connection = @@collation_connection */ ;
/*!50003 SET character_set_client  = utf8 */ ;
/*!50003 SET character_set_results = utf8 */ ;
/*!50003 SET collation_connection  = utf8_general_ci */ ;
/*!50003 SET @saved_sql_mode       = @@sql_mode */ ;
/*!50003 SET sql_mode              = 'STRICT_TRANS_TABLES,NO_AUTO_CREATE_USER,NO_ENGINE_SUBSTITUTION' */ ;
DELIMITER ;;
CREATE DEFINER=`SpringBootApp`@`localhost` FUNCTION `function_activity_name`(v_patientID INT) RETURNS varchar(20) CHARSET utf8
BEGIN

DECLARE var_activity_id integer;
DECLARE var_activity_name varchar(20);

SET  var_activity_id = (SELECT activity_activity_id FROM behaviour.scheduled WHERE patient_patient_id=v_patientID ORDER BY sch_date DESC);

-- the activity name
SET var_activity_name = (select activity.name FROM activity WHERE activity.activity_id =  var_activity_id LIMIT 1);

RETURN var_activity_name;
END ;;
DELIMITER ;
/*!50003 SET sql_mode              = @saved_sql_mode */ ;
/*!50003 SET character_set_client  = @saved_cs_client */ ;
/*!50003 SET character_set_results = @saved_cs_results */ ;
/*!50003 SET collation_connection  = @saved_col_connection */ ;
/*!50003 DROP FUNCTION IF EXISTS `function_feeling_after` */;
/*!50003 SET @saved_cs_client      = @@character_set_client */ ;
/*!50003 SET @saved_cs_results     = @@character_set_results */ ;
/*!50003 SET @saved_col_connection = @@collation_connection */ ;
/*!50003 SET character_set_client  = utf8 */ ;
/*!50003 SET character_set_results = utf8 */ ;
/*!50003 SET collation_connection  = utf8_general_ci */ ;
/*!50003 SET @saved_sql_mode       = @@sql_mode */ ;
/*!50003 SET sql_mode              = 'STRICT_TRANS_TABLES,NO_AUTO_CREATE_USER,NO_ENGINE_SUBSTITUTION' */ ;
DELIMITER ;;
CREATE DEFINER=`SpringBootApp`@`localhost` FUNCTION `function_feeling_after`(v_patientID INT) RETURNS int(11)
BEGIN

DECLARE var_sch_date datetime;
DECLARE var_activity_id integer;
DECLARE var_feeling_level_after integer;

SET var_sch_date = (SELECT sch_date FROM behaviour.scheduled WHERE patient_patient_id=v_patientID ORDER BY sch_date DESC);
SET  var_activity_id = (SELECT activity_activity_id FROM behaviour.scheduled WHERE patient_patient_id=v_patientID ORDER BY sch_date DESC);

-- feeling after
SET var_feeling_level_after = (SELECT feeling_log.feeling_in_num_format FROM feeling_log where date_inputted > var_sch_date ORDER BY date_inputted ASC LIMIT 1);

RETURN var_feeling_level_after;
END ;;
DELIMITER ;
/*!50003 SET sql_mode              = @saved_sql_mode */ ;
/*!50003 SET character_set_client  = @saved_cs_client */ ;
/*!50003 SET character_set_results = @saved_cs_results */ ;
/*!50003 SET collation_connection  = @saved_col_connection */ ;
/*!50003 DROP FUNCTION IF EXISTS `function_feeling_before` */;
/*!50003 SET @saved_cs_client      = @@character_set_client */ ;
/*!50003 SET @saved_cs_results     = @@character_set_results */ ;
/*!50003 SET @saved_col_connection = @@collation_connection */ ;
/*!50003 SET character_set_client  = utf8 */ ;
/*!50003 SET character_set_results = utf8 */ ;
/*!50003 SET collation_connection  = utf8_general_ci */ ;
/*!50003 SET @saved_sql_mode       = @@sql_mode */ ;
/*!50003 SET sql_mode              = 'STRICT_TRANS_TABLES,NO_AUTO_CREATE_USER,NO_ENGINE_SUBSTITUTION' */ ;
DELIMITER ;;
CREATE DEFINER=`SpringBootApp`@`localhost` FUNCTION `function_feeling_before`(v_patientID INT) RETURNS int(11)
BEGIN

DECLARE var_sch_date datetime;
DECLARE var_activity_id integer;
DECLARE var_feeling_level_before integer;

SET var_sch_date = (SELECT sch_date FROM behaviour.scheduled WHERE patient_patient_id=v_patientID ORDER BY sch_date DESC);
SET  var_activity_id = (SELECT activity_activity_id FROM behaviour.scheduled WHERE patient_patient_id=v_patientID ORDER BY sch_date DESC);

-- feeling before
set var_feeling_level_before = (SELECT feeling_log.feeling_in_num_format FROM feeling_log where date_inputted < var_sch_date ORDER BY date_inputted DESC LIMIT 1);
								

RETURN var_feeling_level_before;
END ;;
DELIMITER ;
/*!50003 SET sql_mode              = @saved_sql_mode */ ;
/*!50003 SET character_set_client  = @saved_cs_client */ ;
/*!50003 SET character_set_results = @saved_cs_results */ ;
/*!50003 SET collation_connection  = @saved_col_connection */ ;
/*!40103 SET TIME_ZONE=@OLD_TIME_ZONE */;

/*!40101 SET SQL_MODE=@OLD_SQL_MODE */;
/*!40014 SET FOREIGN_KEY_CHECKS=@OLD_FOREIGN_KEY_CHECKS */;
/*!40014 SET UNIQUE_CHECKS=@OLD_UNIQUE_CHECKS */;
/*!40101 SET CHARACTER_SET_CLIENT=@OLD_CHARACTER_SET_CLIENT */;
/*!40101 SET CHARACTER_SET_RESULTS=@OLD_CHARACTER_SET_RESULTS */;
/*!40101 SET COLLATION_CONNECTION=@OLD_COLLATION_CONNECTION */;
/*!40111 SET SQL_NOTES=@OLD_SQL_NOTES */;

-- Dump completed on 2018-05-18  5:10:18
